season,home,away,hp,ap,ot,date
2023,ASVEL,Strasbourg,91,72,0,2023-09-20
2023,Chalon,Roanne,105,86,0,2023-09-20
2023,Dijon,Nanterre,82,84,0,2023-09-20
2023,JL Bourg,Monaco,74,70,0,2023-09-20
2023,Le Portel,Limoges,76,66,0,2023-09-20
2023,Metropolitans 92,Le Mans,88,100,0,2023-09-20
2023,Nancy,Gravelines-Dunkerque,69,59,0,2023-09-20
2023,Paris,Cholet,92,90,1,2023-09-20
2023,Saint-Quentin,Blois,75,64,0,2023-09-20
2023,Chalon,Nanterre,89,97,0,2023-09-27
2023,Dijon,Monaco,72,80,0,2023-09-27
2023,JL Bourg,Limoges,77,67,0,2023-09-27
2023,Le Portel,Le Mans,85,76,0,2023-09-27
2023,Metropolitans 92,Gravelines-Dunkerque,72,74,0,2023-09-27
2023,Nancy,Cholet,77,85,0,2023-09-27
2023,Paris,Blois,72,65,0,2023-09-27
2023,Saint-Quentin,ASVEL,91,71,0,2023-09-27
2023,Strasbourg,Roanne,97,82,0,2023-09-27
2023,ASVEL,Roanne,93,88,0,2023-10-04
2023,Chalon,Monaco,68,104,0,2023-10-04
2023,Dijon,Limoges,90,60,0,2023-10-04
2023,JL Bourg,Le Mans,86,67,0,2023-10-04
2023,Le Portel,Gravelines-Dunkerque,91,82,0,2023-10-04
2023,Metropolitans 92,Cholet,78,92,0,2023-10-04
2023,Nancy,Blois,93,96,0,2023-10-04
2023,Paris,Saint-Quentin,87,65,0,2023-10-04
2023,Strasbourg,Nanterre,71,57,0,2023-10-04
2023,Chalon,Limoges,80,78,0,2023-10-11
2023,Dijon,Le Mans,87,77,0,2023-10-11
2023,JL Bourg,Gravelines-Dunkerque,90,82,0,2023-10-11
2023,Le Portel,Cholet,87,84,1,2023-10-11
2023,Metropolitans 92,Blois,81,87,0,2023-10-11
2023,Nancy,Saint-Quentin,69,77,0,2023-10-11
2023,Paris,ASVEL,92,86,0,2023-10-11
2023,Roanne,Nanterre,72,86,0,2023-10-11
2023,Strasbourg,Monaco,67,83,0,2023-10-11
2023,ASVEL,Nanterre,100,76,0,2023-10-18
2023,Chalon,Le Mans,73,68,0,2023-10-18
2023,Dijon,Gravelines-Dunkerque,90,69,0,2023-10-18
2023,JL Bourg,Cholet,78,80,0,2023-10-18
2023,Le Portel,Blois,94,89,0,2023-10-18
2023,Metropolitans 92,Saint-Quentin,69,73,0,2023-10-18
2023,Nancy,Paris,81,78,0,2023-10-18
2023,Roanne,Monaco,92,99,0,2023-10-18
2023,Strasbourg,Limoges,80,87,0,2023-10-18
2023,Chalon,Gravelines-Dunkerque,79,63,0,2023-10-25
2023,Dijon,Cholet,60,62,0,2023-10-25
2023,JL Bourg,Blois,81,66,0,2023-10-25
2023,Le Portel,Saint-Quentin,85,76,0,2023-10-25
2023,Metropolitans 92,Paris,77,93,0,2023-10-25
2023,Nancy,ASVEL,58,83,0,2023-10-25
2023,Nanterre,Monaco,80,86,0,2023-10-25
2023,Roanne,Limoges,79,76,0,2023-10-25
2023,Strasbourg,Le Mans,71,80,0,2023-10-25
2023,ASVEL,Monaco,79,87,0,2023-11-01
2023,Chalon,Cholet,79,81,0,2023-11-01
2023,Dijon,Blois,81,63,0,2023-11-01
2023,JL Bourg,Saint-Quentin,86,71,0,2023-11-01
2023,Le Portel,Paris,66,80,0,2023-11-01
2023,Metropolitans 92,Nancy,80,89,0,2023-11-01
2023,Nanterre,Limoges,113,77,0,2023-11-01
2023,Roanne,Le Mans,70,71,0,2023-11-01
2023,Strasbourg,Gravelines-Dunkerque,68,65,0,2023-11-01
2023,Chalon,Blois,93,75,0,2023-11-08
2023,Dijon,Saint-Quentin,77,69,0,2023-11-08
2023,JL Bourg,Paris,83,81,0,2023-11-08
2023,Le Portel,Nancy,88,93,0,2023-11-08
2023,Metropolitans 92,ASVEL,79,103,0,2023-11-08
2023,Monaco,Limoges,94,56,0,2023-11-08
2023,Nanterre,Le Mans,93,81,0,2023-11-08
2023,Roanne,Gravelines-Dunkerque,69,78,0,2023-11-08
2023,Strasbourg,Cholet,79,76,0,2023-11-08
2023,ASVEL,Limoges,77,66,0,2023-11-15
2023,Chalon,Saint-Quentin,97,90,1,2023-11-15
2023,Dijon,Paris,72,80,0,2023-11-15
2023,JL Bourg,Nancy,103,78,0,2023-11-15
2023,Le Portel,Metropolitans 92,104,79,0,2023-11-15
2023,Monaco,Le Mans,78,74,0,2023-11-15
2023,Nanterre,Gravelines-Dunkerque,78,75,0,2023-11-15
2023,Roanne,Cholet,82,69,0,2023-11-15
2023,Strasbourg,Blois,80,88,0,2023-11-15
2023,Chalon,Paris,73,84,0,2023-11-23
2023,Dijon,Nancy,88,73,0,2023-11-23
2023,JL Bourg,Metropolitans 92,94,73,0,2023-11-23
2023,Le Portel,ASVEL,66,101,0,2023-11-23
2023,Limoges,Le Mans,79,78,0,2023-11-23
2023,Monaco,Gravelines-Dunkerque,91,76,0,2023-11-23
2023,Nanterre,Cholet,91,87,0,2023-11-23
2023,Roanne,Blois,83,81,0,2023-11-23
2023,Strasbourg,Saint-Quentin,78,66,0,2023-11-23
2023,ASVEL,Le Mans,89,75,0,2023-11-30
2023,Chalon,Nancy,70,74,0,2023-11-30
2023,Dijon,Metropolitans 92,94,54,0,2023-11-30
2023,JL Bourg,Le Portel,106,74,0,2023-11-30
2023,Limoges,Gravelines-Dunkerque,88,63,0,2023-11-30
2023,Monaco,Cholet,66,79,0,2023-11-30
2023,Nanterre,Blois,103,106,0,2023-11-30
2023,Roanne,Saint-Quentin,90,96,0,2023-11-30
2023,Strasbourg,Paris,89,86,0,2023-11-30
2023,Chalon,Metropolitans 92,86,92,0,2023-12-07
2023,Dijon,Le Portel,92,80,0,2023-12-07
2023,JL Bourg,ASVEL,74,80,0,2023-12-07
2023,Le Mans,Gravelines-Dunkerque,78,68,0,2023-12-07
2023,Limoges,Cholet,81,90,0,2023-12-07
2023,Monaco,Blois,99,81,0,2023-12-07
2023,Nanterre,Saint-Quentin,80,75,0,2023-12-07
2023,Roanne,Paris,83,76,0,2023-12-07
2023,Strasbourg,Nancy,88,78,0,2023-12-07
2023,ASVEL,Gravelines-Dunkerque,86,83,1,2023-12-14
2023,Chalon,Le Portel,94,65,0,2023-12-14
2023,Dijon,JL Bourg,66,84,0,2023-12-14
2023,Le Mans,Cholet,85,88,1,2023-12-14
2023,Limoges,Blois,86,78,0,2023-12-14
2023,Monaco,Saint-Quentin,77,75,0,2023-12-14
2023,Nanterre,Paris,67,98,0,2023-12-14
2023,Roanne,Nancy,107,80,0,2023-12-14
2023,Strasbourg,Metropolitans 92,74,61,0,2023-12-14
2023,Chalon,JL Bourg,62,89,0,2023-12-21
2023,Dijon,ASVEL,71,73,0,2023-12-21
2023,Gravelines-Dunkerque,Cholet,66,59,0,2023-12-21
2023,Le Mans,Blois,110,96,0,2023-12-21
2023,Limoges,Saint-Quentin,83,80,0,2023-12-21
2023,Monaco,Paris,84,62,0,2023-12-21
2023,Nanterre,Nancy,89,88,0,2023-12-21
2023,Roanne,Metropolitans 92,105,93,0,2023-12-21
2023,Strasbourg,Le Portel,90,75,0,2023-12-21
2023,ASVEL,Cholet,100,95,0,2023-12-28
2023,Chalon,Dijon,76,84,0,2023-12-28
2023,Gravelines-Dunkerque,Blois,82,73,0,2023-12-28
2023,Le Mans,Saint-Quentin,76,77,0,2023-12-28
2023,Limoges,Paris,65,83,0,2023-12-28
2023,Monaco,Nancy,86,100,0,2023-12-28
2023,Nanterre,Metropolitans 92,94,86,0,2023-12-28
2023,Roanne,Le Portel,84,83,0,2023-12-28
2023,Strasbourg,JL Bourg,65,83,0,2023-12-28
2023,Chalon,ASVEL,88,87,1,2024-01-04
2023,Cholet,Blois,71,80,0,2024-01-04
2023,Gravelines-Dunkerque,Saint-Quentin,69,78,0,2024-01-04
2023,Le Mans,Paris,55,88,0,2024-01-04
2023,Limoges,Nancy,102,99,0,2024-01-04
2023,Monaco,Metropolitans 92,84,72,0,2024-01-04
2023,Nanterre,Le Portel,109,88,0,2024-01-04
2023,Roanne,JL Bourg,87,111,0,2024-01-04
2023,Strasbourg,Dijon,64,81,0,2024-01-04
2023,ASVEL,Blois,85,77,0,2024-01-11
2023,Cholet,Saint-Quentin,73,69,0,2024-01-11
2023,Gravelines-Dunkerque,Paris,66,77,0,2024-01-11
2023,Le Mans,Nancy,98,66,0,2024-01-11
2023,Limoges,Metropolitans 92,98,88,0,2024-01-11
2023,Monaco,Le Portel,101,67,0,2024-01-11
2023,Nanterre,JL Bourg,105,98,0,2024-01-11
2023,Roanne,Dijon,92,105,0,2024-01-11
2023,Strasbourg,Chalon,82,86,0,2024-01-11
2023,Blois,Saint-Quentin,60,75,0,2024-01-18
2023,Cholet,Paris,70,77,0,2024-01-18
2023,Gravelines-Dunkerque,Nancy,83,76,0,2024-01-18
2023,Le Mans,Metropolitans 92,110,96,0,2024-01-18
2023,Limoges,Le Portel,73,76,0,2024-01-18
2023,Monaco,JL Bourg,78,67,0,2024-01-18
2023,Nanterre,Dijon,67,87,0,2024-01-18
2023,Roanne,Chalon,82,93,0,2024-01-18
2023,Strasbourg,ASVEL,82,80,0,2024-01-18
2023,ASVEL,Saint-Quentin,79,77,0,2024-01-25
2023,Blois,Paris,88,92,0,2024-01-25
2023,Cholet,Nancy,67,76,0,2024-01-25
2023,Gravelines-Dunkerque,Metropolitans 92,106,76,0,2024-01-25
2023,Le Mans,Le Portel,73,67,0,2024-01-25
2023,Limoges,JL Bourg,86,90,0,2024-01-25
2023,Monaco,Dijon,88,74,0,2024-01-25
2023,Nanterre,Chalon,83,72,0,2024-01-25
2023,Roanne,Strasbourg,82,98,0,2024-01-25
2023,Blois,Nancy,99,98,1,2024-02-01
2023,Cholet,Metropolitans 92,112,83,0,2024-02-01
2023,Gravelines-Dunkerque,Le Portel,77,83,1,2024-02-01
2023,Le Mans,JL Bourg,64,80,0,2024-02-01
2023,Limoges,Dijon,93,77,0,2024-02-01
2023,Monaco,Chalon,82,69,0,2024-02-01
2023,Nanterre,Strasbourg,76,68,0,2024-02-01
2023,Roanne,ASVEL,66,69,0,2024-02-01
2023,Saint-Quentin,Paris,65,81,0,2024-02-01
2023,ASVEL,Paris,66,86,0,2024-02-08
2023,Blois,Metropolitans 92,95,84,0,2024-02-08
2023,Cholet,Le Portel,89,82,0,2024-02-08
2023,Gravelines-Dunkerque,JL Bourg,64,75,0,2024-02-08
2023,Le Mans,Dijon,76,67,0,2024-02-08
2023,Limoges,Chalon,107,88,0,2024-02-08
2023,Monaco,Strasbourg,92,78,0,2024-02-08
2023,Nanterre,Roanne,83,77,0,2024-02-08
2023,Saint-Quentin,Nancy,71,78,0,2024-02-08
2023,Blois,Le Portel,71,80,0,2024-02-15
2023,Cholet,JL Bourg,78,88,0,2024-02-15
2023,Gravelines-Dunkerque,Dijon,71,55,0,2024-02-15
2023,Le Mans,Chalon,98,72,0,2024-02-15
2023,Limoges,Strasbourg,73,80,0,2024-02-15
2023,Monaco,Roanne,116,73,0,2024-02-15
2023,Nanterre,ASVEL,85,81,0,2024-02-15
2023,Paris,Nancy,113,71,0,2024-02-15
2023,Saint-Quentin,Metropolitans 92,68,82,0,2024-02-15
2023,ASVEL,Nancy,89,64,0,2024-02-22
2023,Blois,JL Bourg,102,93,0,2024-02-22
2023,Cholet,Dijon,79,88,0,2024-02-22
2023,Gravelines-Dunkerque,Chalon,81,83,0,2024-02-22
2023,Le Mans,Strasbourg,86,78,0,2024-02-22
2023,Limoges,Roanne,80,77,0,2024-02-22
2023,Monaco,Nanterre,91,82,0,2024-02-22
2023,Paris,Metropolitans 92,93,86,0,2024-02-22
2023,Saint-Quentin,Le Portel,88,67,0,2024-02-22
2023,Blois,Dijon,85,84,0,2024-02-29
2023,Cholet,Chalon,84,77,0,2024-02-29
2023,Gravelines-Dunkerque,Strasbourg,67,56,0,2024-02-29
2023,Le Mans,Roanne,90,80,0,2024-02-29
2023,Limoges,Nanterre,79,68,0,2024-02-29
2023,Monaco,ASVEL,89,71,0,2024-02-29
2023,Nancy,Metropolitans 92,85,69,0,2024-02-29
2023,Paris,Le Portel,86,90,0,2024-02-29
2023,Saint-Quentin,JL Bourg,92,61,0,2024-02-29
2023,ASVEL,Metropolitans 92,102,76,0,2024-03-07
2023,Blois,Chalon,92,95,1,2024-03-07
2023,Cholet,Strasbourg,78,90,0,2024-03-07
2023,Gravelines-Dunkerque,Roanne,82,67,0,2024-03-07
2023,Le Mans,Nanterre,76,89,0,2024-03-07
2023,Limoges,Monaco,59,72,0,2024-03-07
2023,Nancy,Le Portel,76,91,0,2024-03-07
2023,Paris,JL Bourg,84,80,0,2024-03-07
2023,Saint-Quentin,Dijon,77,73,0,2024-03-07
2023,Blois,Strasbourg,68,73,0,2024-03-15
2023,Cholet,Roanne,90,86,0,2024-03-15
2023,Gravelines-Dunkerque,Nanterre,80,79,0,2024-03-15
2023,Le Mans,Monaco,84,95,0,2024-03-15
2023,Limoges,ASVEL,79,68,0,2024-03-15
2023,Metropolitans 92,Le Portel,62,78,0,2024-03-15
2023,Nancy,JL Bourg,59,85,0,2024-03-15
2023,Paris,Dijon,81,64,0,2024-03-15
2023,Saint-Quentin,Chalon,75,70,0,2024-03-15
2023,ASVEL,Le Portel,85,70,0,2024-03-22
2023,Blois,Roanne,77,80,0,2024-03-22
2023,Cholet,Nanterre,70,67,0,2024-03-22
2023,Gravelines-Dunkerque,Monaco,68,72,0,2024-03-22
2023,Le Mans,Limoges,101,75,0,2024-03-22
2023,Metropolitans 92,JL Bourg,82,101,0,2024-03-22
2023,Nancy,Dijon,66,56,0,2024-03-22
2023,Paris,Chalon,85,70,0,2024-03-22
2023,Saint-Quentin,Strasbourg,86,66,0,2024-03-22
2023,Blois,Nanterre,78,89,0,2024-03-29
2023,Cholet,Monaco,69,75,0,2024-03-29
2023,Gravelines-Dunkerque,Limoges,79,83,0,2024-03-29
2023,Le Mans,ASVEL,87,100,0,2024-03-29
2023,Le Portel,JL Bourg,66,99,0,2024-03-29
2023,Metropolitans 92,Dijon,82,77,0,2024-03-29
2023,Nancy,Chalon,92,83,0,2024-03-29
2023,Paris,Strasbourg,78,67,0,2024-03-29
2023,Saint-Quentin,Roanne,57,64,0,2024-03-29
2023,ASVEL,JL Bourg,84,61,0,2024-04-05
2023,Blois,Monaco,73,89,0,2024-04-05
2023,Cholet,Limoges,71,67,0,2024-04-05
2023,Gravelines-Dunkerque,Le Mans,71,84,0,2024-04-05
2023,Le Portel,Dijon,81,75,0,2024-04-05
2023,Metropolitans 92,Chalon,75,83,0,2024-04-05
2023,Nancy,Strasbourg,79,75,0,2024-04-05
2023,Paris,Roanne,90,61,0,2024-04-05
2023,Saint-Quentin,Nanterre,87,82,0,2024-04-05
2023,Blois,Limoges,75,73,0,2024-04-12
2023,Cholet,Le Mans,111,96,0,2024-04-12
2023,Gravelines-Dunkerque,ASVEL,74,79,0,2024-04-12
2023,JL Bourg,Dijon,66,60,0,2024-04-12
2023,Le Portel,Chalon,99,96,1,2024-04-12
2023,Metropolitans 92,Strasbourg,85,107,0,2024-04-12
2023,Nancy,Roanne,84,79,0,2024-04-12
2023,Paris,Nanterre,102,68,0,2024-04-12
2023,Saint-Quentin,Monaco,71,69,0,2024-04-12
2023,ASVEL,Dijon,79,74,0,2024-04-19
2023,Blois,Le Mans,78,80,0,2024-04-19
2023,Cholet,Gravelines-Dunkerque,72,84,0,2024-04-19
2023,JL Bourg,Chalon,90,67,0,2024-04-19
2023,Le Portel,Strasbourg,96,77,0,2024-04-19
2023,Metropolitans 92,Roanne,90,83,0,2024-04-19
2023,Nancy,Nanterre,91,71,0,2024-04-19
2023,Paris,Monaco,85,92,0,2024-04-19
2023,Saint-Quentin,Limoges,75,83,0,2024-04-19
2023,Blois,Gravelines-Dunkerque,81,73,0,2024-04-26
2023,Cholet,ASVEL,69,73,0,2024-04-26
2023,Dijon,Chalon,73,66,0,2024-04-26
2023,JL Bourg,Strasbourg,77,74,0,2024-04-26
2023,Le Portel,Roanne,91,76,0,2024-04-26
2023,Metropolitans 92,Nanterre,80,90,0,2024-04-26
2023,Nancy,Monaco,94,86,0,2024-04-26
2023,Paris,Limoges,101,77,0,2024-04-26
2023,Saint-Quentin,Le Mans,81,64,0,2024-04-26
2023,ASVEL,Chalon,79,72,0,2024-05-03
2023,Blois,Cholet,78,80,0,2024-05-03
2023,Dijon,Strasbourg,80,68,0,2024-05-03
2023,JL Bourg,Roanne,81,84,0,2024-05-03
2023,Le Portel,Nanterre,72,84,0,2024-05-03
2023,Metropolitans 92,Monaco,77,85,0,2024-05-03
2023,Nancy,Limoges,67,75,0,2024-05-03
2023,Paris,Le Mans,112,71,0,2024-05-03
2023,Saint-Quentin,Gravelines-Dunkerque,68,76,0,2024-05-03
2023,Blois,ASVEL,72,98,0,2024-05-10
2023,Chalon,Strasbourg,101,91,0,2024-05-10
2023,Dijon,Roanne,99,82,0,2024-05-10
2023,JL Bourg,Nanterre,85,67,0,2024-05-10
2023,Le Portel,Monaco,67,74,0,2024-05-10
2023,Metropolitans 92,Limoges,67,90,0,2024-05-10
2023,Nancy,Le Mans,68,60,0,2024-05-10
2023,Paris,Gravelines-Dunkerque,97,78,0,2024-05-10
2023,Saint-Quentin,Cholet,75,60,0,2024-05-10
